district,month,cumm_rainfall,temp_min,temp_max,humidity_min,humidity_max,wind_speed_min,wind_speed_max,year
Adilabad,Apr,0.421578947368421,25.683859649122805,39.59649122807018,19.607017543859648,55.28684210526316,0.1711895910780669,16.647211895910782,2018
Adilabad,Aug,15.750764006791172,23.72988115449915,29.81748726655348,72.37283531409167,92.24057724957557,0.711310592459605,15.94219030520646,2018
Adilabad,Dec,0.3149210903873745,14.151936872309898,28.37575322812052,43.21822094691535,88.74863701578192,0.1021052631578947,7.016992481203008,2018
Adilabad,Feb,0.6080827067669173,17.21372180451128,33.474436090225566,25.25883458646617,66.95977443609023,0.1476190476190476,11.62281746031746,2018
Adilabad,Jan,0.0,12.46095076400679,31.436757215619693,23.637521222410864,69.65297113752122,0.0738351254480286,9.502508960573476,2018
Adilabad,Jul,10.817317487266552,23.990152801358235,29.995755517826822,69.95493197278911,91.55051020408165,1.030645161290323,15.499820788530466,2018
Adilabad,Jun,7.836315789473684,24.977543859649124,35.54298245614035,47.24105263157895,82.3859649122807,0.8857407407407407,17.800185185185185,2018
Adilabad,Mar,0.2042444821731748,21.5106960950764,36.91850594227504,19.259252971137524,52.99660441426146,0.0915770609318996,14.32921146953405,2018
Adilabad,May,1.1151103565365024,28.420882852292024,42.37741935483871,19.453820033955857,55.644991511035656,0.6921146953405017,18.462544802867384,2018
Adilabad,Nov,0.0075438596491228,16.780877192982455,33.03122807017544,35.09754385964912,83.83105263157894,0.0065055762081784,8.84182156133829,2018
Adilabad,Oct,0.0200972447325769,19.817828200972446,34.24927066450567,39.23354943273906,88.4354943273906,0.0436860068259385,9.87457337883959,2018
Adilabad,Sep,4.335789473684211,23.246315789473684,32.55719298245614,58.88578947368421,91.76105263157896,0.1107407407407407,11.792592592592593,2018
Karimnagar,Apr,0.6486666666666666,24.605466666666665,38.782266666666665,29.90253333333333,80.24773333333334,0.0859437751004016,11.694912985274431,2018
Karimnagar,Aug,10.038451612903224,24.80283870967742,31.40232258064516,71.65754838709677,94.54670967741936,0.516,12.58116129032258,2018
Karimnagar,Dec,0.6034981905910736,17.51073582629674,29.805790108564537,47.91712907117009,92.62689987937271,0.0838359469240048,6.653317249698432,2018
Karimnagar,Feb,0.0012857142857142,17.089428571428574,33.261714285714284,30.57357142857143,79.32485714285714,0.0521428571428571,8.915285714285714,2018
Karimnagar,Jan,0.0,14.287096774193548,31.40289032258065,30.324516129032254,84.90593548387098,0.0052903225806451,6.776129032258065,2018
Karimnagar,Jul,7.324774193548387,25.185935483870967,31.696774193548386,69.81574193548387,92.39225806451611,0.519483870967742,13.010451612903228,2018
Karimnagar,Jun,4.332533333333333,25.9432,36.8304,43.87853333333334,82.08466666666666,0.2650666666666667,12.9556,2018
Karimnagar,Mar,0.1118709677419354,20.76,36.51483870967742,26.08916129032258,75.85290322580646,0.0229677419354838,9.071096774193547,2018
Karimnagar,May,1.0011612903225806,27.311483870967745,41.86683870967742,24.386064516129032,71.03664516129032,0.2709677419354839,12.958967741935483,2018
Karimnagar,Nov,0.0,18.93453333333333,34.114,35.062533333333334,89.83546666666668,0.0015999999999999,6.8272,2018
Karimnagar,Oct,0.1170940170940171,21.987789987789988,34.64639804639805,47.61623931623932,92.93614163614164,0.0267399267399267,6.276190476190476,2018
Karimnagar,Sep,3.4033333333333333,24.407733333333333,33.8512,61.3856,95.6632,0.0568,8.6264,2018
Khammam,Apr,0.2367543859649123,25.173947368421054,38.98368421052632,35.79411247803163,87.8384007029877,0.2436083408884859,10.393200362647326,2018
Khammam,Aug,11.943718166383702,25.006027164685907,32.578098471986415,69.42351443123938,93.7953310696095,0.1765475152571926,9.910549258936356,2018
Khammam,Dec,1.8944805194805197,19.589935064935062,30.935146103896106,53.45560064935065,94.05243506493508,0.0724723874256584,5.229566694987256,2018
Khammam,Feb,0.0010338345864661,18.28402255639098,34.300187969924814,32.50827067669173,90.0031954887218,0.0083011583011583,7.457818532818533,2018
Khammam,Jan,0.0,17.2830220713073,32.46216468590832,36.737011884550085,92.1588285229202,8.71839581517001e-05,5.651438535309503,2018
Khammam,Jul,5.71502546689304,25.672920203735146,33.06612903225807,66.55076400679117,91.91061120543291,0.1734960767218831,10.464428945074108,2018
Khammam,Jun,5.161578947368421,26.748947368421053,37.083333333333336,49.240175438596495,83.53333333333333,0.1645045045045045,10.958378378378375,2018
Khammam,Mar,0.3062818336162988,21.73438030560272,36.89244482173175,33.80169779286927,91.94932088285228,0.1007846556233652,7.405231037489101,2018
Khammam,May,0.7628183361629881,26.991850594227504,40.77809847198642,35.619439728353136,82.71315789473685,0.3088927637314734,11.122231909328685,2018
Khammam,Nov,0.1971052631578947,20.78912280701754,34.15824561403509,42.35938596491228,91.36666666666666,0.0160447761194029,5.580503731343284,2018
Khammam,Oct,0.8423076923076923,23.27788461538461,35.27091346153846,48.184134615384615,91.64054487179487,0.0187129551227773,5.514563928873836,2018
Khammam,Sep,2.118859649122807,25.155087719298244,34.833771929824564,57.649298245614034,92.44026315789472,0.0574565416285452,6.968526989935956,2018
Nizamabad,Apr,0.1418803418803418,24.77435897435897,39.71299145299145,20.7317094017094,64.93205128205128,0.0323630136986301,10.019349315068494,2018
Nizamabad,Aug,11.939454094292804,24.156575682382133,30.701488833746897,71.36335814722912,93.76004962779156,0.3736145574855252,9.867907361455748,2018
Nizamabad,Dec,0.385827395091053,16.811163895486935,29.692557403008703,43.24346793349169,90.1686460807601,0.0460807600950118,6.068883610451306,2018
Nizamabad,Feb,0.297985347985348,17.09835164835165,33.30604395604395,27.298441796516958,76.09459211732356,0.0265567765567765,7.644688644688645,2018
Nizamabad,Jan,0.0,14.14028122415219,31.278114143920597,26.20860215053764,81.63382961124897,0.0002481389578163,6.3488833746898266,2018
Nizamabad,Jul,5.766997518610422,24.708188585607942,31.60372208436725,68.1036393713813,91.80181968569065,0.6979321753515302,10.89859387923904,2018
Nizamabad,Jun,7.3244444444444445,25.555641025641023,36.107350427350426,45.700170940170935,80.86529914529915,0.4046153846153846,12.014529914529914,2018
Nizamabad,Mar,0.2556658395368072,21.17684036393714,36.90330851943755,21.778990901571547,68.14722911497105,0.0175351530190239,7.808767576509512,2018
Nizamabad,May,0.974110835401158,27.928205128205125,42.1550041356493,19.95682382133995,59.066418527708855,0.1560794044665012,12.10818858560794,2018
Nizamabad,Nov,0.0,18.26786324786325,33.93649572649572,32.964017094017095,89.0517094017094,0.0082051282051282,5.632735042735043,2018
Nizamabad,Oct,0.0944574551131928,21.00913348946136,34.73715846994536,39.458626073380174,91.36190476190475,0.0044496487119437,6.028259172521468,2018
Nizamabad,Sep,2.247435897435897,23.92,33.41760683760683,57.59435897435897,92.93290598290598,0.0374358974358974,7.14880341880342,2018
Warangal,Apr,0.7197767857142858,24.885550595238094,38.52697916666666,31.66870535714285,83.75287698412698,0.3613078556263269,11.684750884642604,2018
Warangal,Aug,8.33992895545315,24.670055683563746,31.08846006144393,69.2189708141321,92.63847926267282,0.2558986175115207,12.469308755760368,2018
Warangal,Dec,0.7242271505376344,17.587874423963136,29.289160906298005,51.114396121351774,92.0927275345622,0.2154714640198511,7.085478908188586,2018
Warangal,Feb,0.0033801020408163,17.343670280612244,33.432536139455785,29.271104379251703,84.40988520408163,0.0645918367346938,8.641785714285714,2018
Warangal,Jan,0.0,14.936482334869432,31.612820180491557,33.07986271121352,87.78121159754224,0.0576190476190476,7.079385560675883,2018
Warangal,Jul,5.723046274961598,25.06475134408602,31.66307603686636,67.43878168202764,91.53057795698923,0.2568817204301075,11.878817204301075,2018
Warangal,Jun,5.316359126984128,25.844375,36.17548115079365,46.24936011904762,82.26341765873016,0.1565555555555555,12.071650793650791,2018
Warangal,Mar,0.0903753840245775,21.25115687403994,36.92141897081413,24.477476958525344,79.6824452764977,0.1361597542242703,9.14121351766513,2018
Warangal,May,1.8539602534562207,26.74389880952381,40.24260752688172,31.34405241935484,77.76768433179723,0.5243010752688172,12.923118279569891,2018
Warangal,Nov,0.0909424603174603,18.947445436507937,33.53116071428572,38.290753968253966,91.11979662698413,0.0798571428571428,7.04915873015873,2018
Warangal,Oct,0.3222579567172258,22.01720167143536,34.2701688006098,45.43750856154925,91.4833435059268,0.0351769930987515,7.196054164966551,2018
Warangal,Sep,1.7923015873015873,24.19931547619048,33.53211805555556,57.832212301587305,92.98760416666669,0.0544603174603174,8.86252380952381,2018
Adilabad,Apr,0.2195652173913043,26.98159420289855,40.81739130434783,17.355942028985506,50.24246376811595,0.1640909090909091,12.836969696969696,2019
Adilabad,Aug,8.233691756272401,24.14426523297491,30.264874551971324,73.6483870967742,96.31093189964156,0.5207885304659499,10.23046594982079,2019
Adilabad,Dec,0.0229390681003584,15.835483870967744,28.842293906810035,49.89130824372759,93.60528673835124,0.0539426523297491,5.470250896057348,2019
Adilabad,Feb,0.0184782608695652,16.93835403726708,33.29285714285714,27.538509316770185,71.90729813664596,0.0670454545454545,10.35211038961039,2019
Adilabad,Jan,0.1308555399719495,12.201262272089762,29.281907433380084,33.55736325385694,83.5430575035063,0.0826979472140762,7.256011730205279,2019
Adilabad,Jul,11.618100358422938,24.967921146953405,32.49695340501792,65.38781362007168,92.3010752688172,1.0451553930530166,10.874954296160878,2019
Adilabad,Jun,4.580555555555556,28.328333333333333,39.62611111111111,33.60703703703704,70.77833333333334,0.7847524752475248,11.991287128712871,2019
Adilabad,Mar,0.0694249649368864,21.83211781206171,36.9726507713885,22.477980364656386,59.66381486676017,0.163782991202346,11.795894428152494,2019
Adilabad,May,0.0596072931276297,30.19032258064516,42.70687237026648,13.938008415147264,36.02987377279102,0.7415213946117274,12.58716323296355,2019
Adilabad,Nov,0.1501851851851851,17.72351851851852,31.15537037037037,51.19166666666667,96.40092592592592,0.0262962962962962,5.732407407407408,2019
Adilabad,Oct,2.746953405017921,22.06639784946237,31.55313620071685,66.63118279569892,98.05035842293908,0.0403225806451612,6.891397849462366,2019
Adilabad,Sep,6.326628352490421,23.68860153256705,30.66072796934866,75.83170498084291,97.66053639846744,0.182375478927203,8.371264367816092,2019
Karimnagar,Apr,0.3086419753086419,24.866296296296294,39.95901234567901,25.93691358024692,74.17506172839506,0.1395061728395061,10.265925925925924,2019
Karimnagar,Aug,7.843346774193549,24.623790322580643,31.342540322580643,73.66350806451612,96.0727822580645,0.8439516129032258,13.022782258064517,2019
Karimnagar,Dec,0.0655241935483871,17.956686827923388,29.56424731183468,50.31266869093117,95.93103158600806,0.0088709677419354,6.950403225806451,2019
Karimnagar,Feb,0.0929894179894179,19.323809523809523,33.033068783068785,41.40291005291005,90.2265873015873,0.0637566137566137,7.724206349206349,2019
Karimnagar,Jan,1.465232974910394,15.551015531660694,29.968100358422937,40.657706093189965,93.86798088410993,0.0468339307048984,6.988291517323775,2019
Karimnagar,Jul,9.60665322580645,25.279032258064515,33.25423387096774,62.091330645161285,92.00423387096774,0.5762096774193549,15.316733870967743,2019
Karimnagar,Jun,2.859375,28.21020833333333,39.134375,36.19020833333333,73.88875,0.719375,16.08625,2019
Karimnagar,Mar,0.0685782556750298,21.93034647550777,36.10083632019116,34.1026284348865,82.1826762246117,0.1922341696535245,8.980286738351255,2019
Karimnagar,May,0.2040621266427718,28.933333333333334,42.8568697729988,18.288769414575867,59.836798088410994,0.140621266427718,11.127837514934289,2019
Karimnagar,Nov,0.44,19.527291666666667,31.633750000000003,52.62145833333333,98.3175,-0.00625,5.651666666666667,2019
Karimnagar,Oct,8.025201612903226,22.83234206989919,32.563138440866936,70.58116599461694,98.58795362903226,0.0191532258064516,6.624193548387097,2019
Karimnagar,Sep,10.341594827586206,23.852119252873564,31.626436781609197,76.91262571839081,97.98266882183908,0.2364224137931034,10.915301724137931,2019
Khammam,Apr,0.3409999999999999,25.19083333333333,39.67575,30.9065,89.72175,0.0878632478632478,8.33,2019
Khammam,Aug,8.187557603686637,25.51321044546851,33.23195084485407,70.10015360983103,94.89569892473118,0.2760368663594469,10.86605222734255,2019
Khammam,Dec,0.1476190476190476,19.796825396851,31.657962109600614,51.98883768556068,95.84377880187404,0.0049844236760124,6.069003115264798,2019
Khammam,Feb,0.0042857142857142,20.798482142857143,33.943125,45.07776785714285,94.86232142857143,0.0395050412465627,6.499541704857928,2019
Khammam,Jan,1.0860483870967743,17.49991935483871,31.44217741935484,47.64354838709677,95.75991935483871,0.0114309906858594,5.429127857747671,2019
Khammam,Jul,6.136251920122888,26.25837173579109,34.67772657450077,58.31167434715822,90.61874039938556,0.3218125960061443,12.823963133640552,2019
Khammam,Jun,1.4517460317460318,28.90333333333333,39.443333333333335,41.41301587301587,79.52428571428572,0.5392344497607656,12.99920255183413,2019
Khammam,Mar,0.2471774193548387,22.72758064516129,36.656693548387096,40.83290322580645,94.34048387096774,0.0454921422663358,7.176509511993383,2019
Khammam,May,1.0721774193548388,28.24435483870968,41.98596774193548,30.80725806451613,84.86749999999999,0.1793046357615894,9.42566225165563,2019
Khammam,Nov,0.2955555555555555,21.5184126984127,33.29952380952381,56.28190476190476,96.515873015873,0.0131746031746031,5.2392063492063485,2019
Khammam,Oct,4.055606758832565,24.457808499738864,33.74242191500768,69.16426011265744,96.6564260112596,0.0554531490015361,6.108294930875576,2019
Khammam,Sep,7.847454844006569,25.174110563765737,32.556185002736726,76.78481116584564,96.15498084291188,0.0927750410509031,7.367487684729064,2019
Nizamabad,Apr,0.0777235772357723,25.62170731707317,40.76382113821138,19.82886178861789,60.022032520325205,0.054390243902439,8.589756097560976,2019
Nizamabad,Aug,10.70500556173526,23.968854282536157,30.742491657397107,76.2563959955506,96.13715239154617,0.6402669632925473,8.61523915461624,2019
Nizamabad,Dec,0.0163515016685205,17.545077864282536,29.183240637764182,49.859091583214685,92.85149425285871,0.0091825307950727,4.56976483762598,2019
Nizamabad,Feb,0.0847560975609756,18.43649825783972,33.70217770034843,31.71637630662021,83.02073170731708,0.0296167247386759,6.087020905923344,2019
Nizamabad,Jan,0.0669551534225019,15.040991345397323,30.41038552321007,35.25483870967742,89.70574350904799,0.0423288749016522,6.079779701022816,2019
Nizamabad,Jul,9.873859844271411,24.713459399332592,32.66607341490545,62.7146829810901,91.05695216907677,0.8279199110122357,9.989321468298108,2019
Nizamabad,Jun,3.368620689655172,27.62310344827586,38.940000000000005,33.79735632183908,70.35494252873563,0.7726436781609196,10.90632183908046,2019
Nizamabad,Mar,0.0044059795436664,21.72816679779701,37.11974822974036,25.589771833202203,71.53398898505114,0.0610542879622344,6.744610542879622,2019
Nizamabad,May,0.0940991345397325,28.547757671125098,42.85837922895358,14.192761605035406,42.261683713611326,0.0948859166011014,9.762077104642014,2019
Nizamabad,Nov,0.4975862068965517,18.83816091954023,31.37954022988506,50.45850574712644,95.94747126436782,-0.0040229885057471,3.837701149425288,2019
Nizamabad,Oct,5.054949944382647,22.52344456804227,31.685096403414907,67.32188542825361,96.3844382647386,0.0213570634037819,4.506117908787542,2019
Nizamabad,Sep,12.760047562425685,23.35699960364645,30.80935196195006,77.48428260007927,97.16635354736424,0.1929845422116528,6.510225921521998,2019
Warangal,Apr,0.7657490079365079,24.86205357142857,39.76826388888889,24.7818253968254,81.3162251984127,0.3533015873015873,10.830825396825396,2019
Warangal,Aug,9.791129032258064,25.02967375366569,32.05584677419355,74.27912390029326,96.89820381231672,0.1928885630498533,9.751896994134896,2019
Warangal,Dec,0.1398735337243401,18.90640120967742,30.30259347507332,52.74317723607038,96.33411381964808,0.0066807184750733,6.226163856304986,2019
Warangal,Feb,0.0731823979591836,19.66996173469388,33.19744366496599,38.2969068877551,89.69937818877551,0.1521768707482993,8.310680272108844,2019
Warangal,Jan,0.6832421274961598,15.19387960829493,29.829694700460827,40.88731758832566,93.14922715053764,0.1011059907834101,7.734746543778803,2019
Warangal,Jul,8.237564149560118,25.365157624633436,33.7164681085044,61.8529508797654,92.69551869501468,0.1409457478005865,11.6162573313783,2019
Warangal,Jun,2.9034848484848483,28.59868371212121,39.03052083333333,37.104337121212126,72.85735795454545,0.5071875,12.417547348484849,2019
Warangal,Mar,0.0018145161290322,22.34635176651306,36.29584293394777,32.03191244239631,87.17132296466974,0.4478801843317972,9.893763440860216,2019
Warangal,May,0.2207373271889401,28.46847158218126,41.92481278801844,20.90503072196621,67.61833237327188,0.2381874039938556,11.297910906298004,2019
Warangal,Nov,0.6937310606060606,20.59589962121212,32.20774621212121,56.89358901515151,98.07832386363636,0.007092803030303,5.544261363636364,2019
Warangal,Oct,8.256561583577712,23.645330828445747,33.1222094941349,72.31826887829911,98.5603051686217,0.0497525659824046,6.476539589442815,2019
Warangal,Sep,9.627935606060609,24.45155539772728,31.82307646780303,78.10644412878787,97.68742266414142,0.096607481060606,8.681304450757576,2019
Adilabad,Apr,0.5607407407407408,24.32185185185185,38.90870370370371,24.036296296296296,66.05222222222221,,8.426296296296297,2020
Adilabad,Aug,8.28853046594982,24.189964157706093,29.935931899641577,76.91021505376344,95.47464157706094,0.2910394265232975,5.27831541218638,2020
Adilabad,Dec,0.0003584229390681,13.220609318996416,30.335125448028677,35.88996415770609,86.9326164874552,0.0446236559139784,3.9016129032258062,2020
Adilabad,Feb,0.1342911877394636,16.527011494252875,31.29157088122605,39.10498084291188,83.79885057471265,0.0,7.786781609195402,2020
Adilabad,Jan,0.7994623655913979,15.586917562724016,28.468279569892477,51.51810035842293,93.19193548387096,0.0,6.796167883211679,2020
Adilabad,Jul,11.308422939068102,24.78736559139785,32.89874551971326,68.68530465949821,96.11818996415772,0.1310035842293907,5.617025089605735,2020
Adilabad,Jun,4.8062962962962965,25.674074074074078,35.260185185185186,51.79611111111112,87.57259259259258,0.2343866171003717,8.382527881040893,2020
Adilabad,Mar,1.0768817204301075,20.841397849462364,35.37741935483871,34.20412186379929,84.17293906810036,0.0,8.658243727598567,2020
Adilabad,May,0.4913978494623656,28.03637992831541,41.37401433691756,21.14551971326165,55.64390681003584,,7.7962365591397855,2020
Adilabad,Nov,0.152037037037037,16.859814814814815,31.270555555555557,42.26685185185185,88.11,0.0676356589147286,4.102325581395349,2020
Adilabad,Oct,2.048028673835125,22.23512544802868,32.59534050179212,58.82616487455197,94.14498207885303,0.088671875,4.2666015625,2020
Adilabad,Sep,5.2320370370370375,24.37351851851852,32.72888888888889,69.475,96.22037037037038,0.0587786259541984,4.11469465648855,2020
Karimnagar,Apr,0.3935416666666667,23.71333333333333,37.62,33.24729166666667,79.05854166666667,,9.821666666666664,2020
Karimnagar,Aug,17.28125,24.66735551074597,30.625336021491936,80.05329301076613,96.88514784945563,0.5407258064516128,11.730241935483871,2020
Karimnagar,Dec,0.0,15.609677419354838,30.544959677419357,35.36270161290323,92.09556451612904,0.001008064516129,6.721572580645161,2020
Karimnagar,Feb,0.5491379310344827,18.82737068965517,31.223060344827587,46.980387931034485,91.24827586206897,0.0,9.263793103448275,2020
Karimnagar,Jan,0.1633064516129032,18.41048387096774,29.459072580645163,53.22116935483872,93.30745967741936,0.0,8.99616935483871,2020
Karimnagar,Jul,8.571572580645162,24.96249999997984,33.247849462358865,71.26056787637097,97.05556115596774,0.1735887096774193,10.914314516129032,2020
Karimnagar,Jun,6.526875,26.051041666666663,35.396458333333335,53.66333333333333,87.60020833333333,0.4385416666666666,12.842291666666666,2020
Karimnagar,Mar,0.6774193548387096,22.20483870967742,34.18971774193548,46.69717741935484,88.75040322580645,0.0,10.310887096774191,2020
Karimnagar,May,0.5118951612903226,27.26310483870968,40.83467741935484,26.008467741935487,69.61532258064516,,13.045564516129032,2020
Karimnagar,Nov,0.0458333333333333,18.96270833333333,31.75895833333333,41.75395833333334,89.75166666666668,0.02625,6.972708333333333,2020
Karimnagar,Oct,4.650604838709677,23.07641129032258,32.36673387096774,67.61955645161291,96.97560483870969,0.0473790322580645,6.430846774193548,2020
Karimnagar,Sep,8.216666666666667,24.7025,33.065625,75.6625,97.83333333333331,0.0833333333333333,8.435416666666667,2020
Khammam,Apr,0.1299999999999999,24.687936507936502,38.29809523809524,39.16142857142857,91.77873015873016,,8.053015873015873,2020
Khammam,Aug,11.239170506912442,25.652867383533025,32.352380952442395,79.1096006144854,98.29126984129032,0.2010852713178294,8.426666666666666,2020
Khammam,Dec,0.0,18.30983102918587,32.36543778801843,47.22995391705069,96.50092165898616,0.0087827426810477,5.105546995377504,2020
Khammam,Feb,0.1921182266009852,20.854679802955665,33.538916256157634,47.16683087027914,95.99819376026272,0.0,8.22153024911032,2020
Khammam,Jan,0.0820276497695852,20.534254992319507,31.91889400921659,52.368817204301074,96.91858678955454,0.0,6.29797507788162,2020
Khammam,Jul,10.180491551459294,25.79137224780338,34.24480286740399,71.18205325152073,97.56973886324116,0.0374807987711213,7.849462365591398,2020
Khammam,Jun,5.86,27.046984126984125,36.84269841269842,52.880793650793656,90.53507936507935,0.0857142857142857,10.96936507936508,2020
Khammam,Mar,0.3102918586789555,23.089861751152075,35.979416282642084,47.1221198156682,94.8741935483871,0.0,7.14900153609831,2020
Khammam,May,0.3459293394777266,27.97342549923195,40.5989247311828,33.97557603686636,85.710599078341,,9.780491551459294,2020
Khammam,Nov,0.8185714285714286,21.83253968253968,33.00174603174603,57.12,96.33666666666666,0.0130573248407643,5.872611464968153,2020
Khammam,Oct,6.314439324116743,24.741935483870968,33.64193548387097,70.90615384615384,98.2689708141321,0.0255451713395638,4.9953271028037385,2020
Khammam,Sep,7.928253968253968,26.01936507936508,34.46714285714285,73.49666666666667,98.28174603174604,0.0394276629570747,6.060254372019078,2020
Nizamabad,Apr,0.2998850574712643,24.02103448275862,38.65977011494253,23.37022988505747,71.24712643678161,,6.73367816091954,2020
Nizamabad,Aug,11.394104560622914,23.76262328512792,30.04232480535039,78.96771041899888,95.95364664439376,0.6419354838709678,7.6115684093437155,2020
Nizamabad,Dec,0.0,14.817797552836486,30.63392658509455,34.849499443826474,90.82447163515016,0.0022371364653243,5.10738255033557,2020
Nizamabad,Feb,0.0279429250891795,18.218906064209275,31.50202140309156,40.48870392390012,87.58561236623068,0.0,5.860404280618312,2020
Nizamabad,Jan,0.5858731924360401,17.749499443826473,29.36173526140156,50.5440489432703,92.15928809788652,0.0,5.786206896551724,2020
Nizamabad,Jul,6.085094549499444,24.335426399699667,32.43090285499444,70.72295884319244,95.09271412681868,0.203559510567297,7.454282536151279,2020
Nizamabad,Jun,5.472068965517241,25.11586206896552,34.67080459770115,53.88494252873564,88.30781609195402,0.2506896551724137,9.18344827586207,2020
Nizamabad,Mar,0.346496106785317,21.563515016685205,34.934149054505006,36.150389321468296,85.41468298109011,0.0,5.879421579532814,2020
Nizamabad,May,0.3869855394883204,27.65806451612903,40.81423804226919,21.009788654060067,58.124249165739705,,8.3734149054505,2020
Nizamabad,Nov,0.0002298850574712,17.43735632183908,31.780689655172413,40.18862068965517,91.4325287356322,0.0522543352601156,5.906011560693641,2020
Nizamabad,Oct,2.3022246941045603,22.42269187986652,32.3797552836485,61.76318131256952,96.0802002224694,0.0290645879732739,4.492984409799554,2020
Nizamabad,Sep,6.825057471264368,23.98183908045977,32.67333333333333,72.76494252873563,96.73747126436784,0.0531718569780853,5.641291810841984,2020
Warangal,Apr,0.6598958333333333,24.450227272727272,37.65891098484849,34.80831439393939,85.85086174242424,,10.31222537878788,2020
Warangal,Aug,26.15521444281525,24.79554160557185,30.86010813782991,79.27409732404692,97.39048295454543,0.1483223638651869,9.286692118241431,2020
Warangal,Dec,0.0,15.931085043988269,31.07546737536657,41.73516312316716,95.68348607038124,0.0075604838709677,6.660374613675874,2020
Warangal,Feb,0.4713068181818182,20.229898119122254,31.87359913793104,47.85154780564263,93.82154192789967,0.0,8.925117554858936,2020
Warangal,Jan,0.0083211143695014,19.372195747800586,30.30338159824047,53.04652675953079,95.151163856305,0.0,8.393337609970674,2020
Warangal,Jul,8.914891862170087,25.189800219941347,33.53318823313783,71.83112170087976,97.46363636363635,0.0484695747800586,8.483211143695016,2020
Warangal,Jun,6.496638257575757,26.551278409090912,35.75099431818182,54.56326704545454,89.20370265151516,0.1918181818181818,11.685142045454546,2020
Warangal,Mar,0.5857221407624633,22.97323130498534,34.7158724340176,46.55866019061584,91.52367118768328,0.0,10.27328629032258,2020
Warangal,May,0.7234879032258064,27.482743768328447,40.25383980938416,29.45336326979472,78.61964809384165,,12.21762280058651,2020
Warangal,Nov,0.3490530303030302,19.52054924242424,31.87761363636364,50.22248106060606,94.21696022727272,0.0570120246085011,6.97098014541387,2020
Warangal,Oct,5.914479472140763,23.708284457478005,32.81405791788856,68.20370234604106,97.30150293255132,0.0762582395571579,6.678694599220656,2020
Warangal,Sep,7.714810606060606,25.080492424242426,33.62966856060606,73.58756628787879,97.7210606060606,0.0437686996547756,7.562385884158036,2020
Adilabad,Apr,0.3011111111111111,24.277962962962963,38.80111111111111,19.115370370370368,57.31944444444444,0.1431481481481481,9.02074074074074,2021
Adilabad,Aug,8.47078853046595,24.2331541218638,31.523118279569896,67.2926523297491,94.28781362007167,0.0718637992831541,5.0182795698924725,2021
Adilabad,Dec,0.2670250896057348,13.996594982078854,29.11236559139785,42.94068100358423,90.96810035842292,0.0231182795698924,3.948028673835125,2021
Adilabad,Feb,0.0827380952380952,14.430357142857142,32.2234126984127,25.8843253968254,74.94761904761904,0.0952380952380952,5.866468253968254,2021
Adilabad,Jan,0.0100358422939068,15.545340501792111,31.46021505376344,39.52455197132617,87.78978494623655,0.0439068100358422,4.537634408602151,2021
Adilabad,Jul,14.51326164874552,24.5826164874552,31.688351254480285,68.5731182795699,93.81541218637992,0.0870967741935483,4.492293906810035,2021
Adilabad,Jun,10.624074074074072,24.50148148148148,33.50574074074074,54.867592592592594,89.47407407407407,0.0955555555555555,6.043888888888889,2021
Adilabad,Mar,0.0170250896057347,20.20609318996416,36.55268817204301,18.766487455197133,59.77956989247312,0.1220430107526881,7.724551971326165,2021
Adilabad,May,0.841725768321513,26.733687943262414,38.32044917257683,19.654255319148938,44.13262411347517,0.1462174940898345,5.968321513002364,2021
Adilabad,Nov,0.7955555555555556,18.765925925925927,30.82203703703704,51.25796296296296,92.0712962962963,0.0,0.0,2021
Adilabad,Oct,2.1161290322580646,20.574193548387097,32.09713261648746,53.20860215053764,93.34551971326164,0.0017921146953405,4.08405017921147,2021
Adilabad,Sep,11.725555555555555,23.676111111111112,31.132222222222225,69.50444444444445,94.92925925925928,0.0798148148148148,4.572222222222222,2021
Karimnagar,Apr,0.2725,23.74145833333333,38.05229166666666,29.33145833333333,82.00083333333333,0.06875,9.840416666666666,2021
Karimnagar,Aug,7.515120967741935,24.92157258064516,32.3491935483871,70.92157258064516,96.43790322580644,0.1546370967741935,10.315524193548388,2021
Karimnagar,Dec,0.0,16.716532258064515,30.62943548387097,41.33528225806452,94.74254032258064,0.0088709677419354,5.885282258064516,2021
Karimnagar,Feb,0.0397321428571428,16.719866071428573,32.060267857142854,34.03883928571428,90.79397321428571,,,2021
Karimnagar,Jan,0.0844758064516129,18.425806451612903,30.99092741935484,45.05524193548387,94.9844758064516,,,2021
Karimnagar,Jul,12.740725806451612,24.942137096774196,32.04112903225806,71.32782258064516,96.20947580645162,0.1588709677419355,11.183870967741935,2021
Karimnagar,Jun,8.0575,25.007708333333333,34.19708333333333,55.12854166666667,93.25145833333332,0.1185416666666666,12.875625,2021
Karimnagar,Mar,0.0,20.02197580645161,35.41995967741936,30.61108870967742,84.74314516129031,,,2021
Karimnagar,May,0.2405585106382979,26.52792553191489,38.84255319148936,20.7656914893617,49.65531914893617,0.1746010638297872,8.69654255319149,2021
Karimnagar,Nov,0.8185416666666666,20.966666666666665,31.954791666666665,51.89395833333333,94.29270833333334,0.0,0.0,2021
Karimnagar,Oct,1.686491935483871,22.397782258064517,33.28306451612904,55.40020161290322,96.4641129032258,0.0185483870967741,6.24375,2021
Karimnagar,Sep,11.919166666666666,24.35458333333333,31.886875,76.69270833333333,97.796875,0.09625,9.282083333333333,2021
Khammam,Apr,0.4969841269841269,24.56873015873016,38.95238095238095,38.8136507936508,93.00349206349208,0.0266666666666666,8.266825396825398,2021
Khammam,Aug,6.161290322580645,25.44301075268817,34.001996927803376,67.90675883256529,97.98648233486944,0.0324116743471582,7.876958525345621,2021
Khammam,Dec,0.0059907834101382,18.246543778801843,32.21812596006144,49.321505376344085,98.2384024577573,0.0019969278033794,6.306451612903226,2021
Khammam,Feb,0.0,19.1969387755102,34.162244897959184,40.17380952380952,96.78180272108844,,,2021
Khammam,Jan,0.0010752688172043,19.600921658986177,33.18463901689708,47.0394777265745,97.45391705069125,,,2021
Khammam,Jul,13.001689708141322,25.151766513056835,33.245775729646695,70.69308755760368,98.04116743471585,0.0219662058371735,8.152380952380952,2021
Khammam,Jun,4.892380952380952,26.14301587301587,35.546190476190475,54.71571428571429,93.9,0.0317460317460317,9.625555555555556,2021
Khammam,Mar,0.0,21.672043010752688,36.74408602150538,37.240706605222734,96.28187403993856,,,2021
Khammam,May,1.4358662613981763,26.487335359675782,39.05947315096251,27.40587639311044,59.95420466058764,0.0223910840932117,6.414387031408308,2021
Khammam,Nov,1.487142857142857,22.863174603174603,32.67825396825397,66.5231746031746,99.06507936507936,0.0,0.0,2021
Khammam,Oct,1.7725038402457758,24.38863287250384,34.825652841781874,61.28018433179724,99.4499231950845,0.0132104454685099,6.203993855606759,2021
Khammam,Sep,9.52873015873016,25.196984126984127,33.293174603174606,73.58777777777779,99.4047619047619,0.0155555555555555,7.113968253968254,2021
Nizamabad,Apr,0.1755172413793103,23.619540229885057,38.61954022988506,21.44206896551724,70.69218390804598,0.015287356321839,7.005057471264368,2021
Nizamabad,Aug,6.239154616240267,23.925917686318133,31.31290322580645,69.06807563959956,95.17208008898776,0.0726362625139043,8.281423804226918,2021
Nizamabad,Dec,0.0268075639599555,15.830589543937707,30.20800889877642,41.11501668520579,93.60945494994438,0.0102335928809788,6.184538375973303,2021
Nizamabad,Feb,0.1311576354679803,16.03448275862069,31.817487684729063,31.745073891625616,87.15049261083743,,,2021
Nizamabad,Jan,0.0225806451612903,18.089432703003336,31.11657397107897,45.29243604004449,92.3602892102336,,,2021
Nizamabad,Jul,16.595105672969968,24.173414905450503,31.450166852057844,69.18943270300333,94.25072302558398,0.207452725250278,8.745828698553948,2021
Nizamabad,Jun,8.825172413793103,24.20206896551724,33.4751724137931,55.3271264367816,91.64655172413794,0.1751724137931034,8.464022988505747,2021
Nizamabad,Mar,0.0,20.216129032258063,35.83125695216908,24.21857619577308,76.18865406006675,,,2021
Nizamabad,May,0.6063096111518709,26.08283198826119,38.38701393983859,19.67784299339692,47.34402054292003,0.1639031548055759,6.396404988994863,2021
Nizamabad,Nov,0.3289655172413793,19.8183908045977,31.501954022988507,49.40413793103448,93.29896551724138,0.0,0.0,2021
Nizamabad,Oct,1.8911012235817573,21.072636262513903,32.59799777530589,52.91034482758621,96.02035595105671,0.0044493882091212,6.600556173526139,2021
Nizamabad,Sep,14.24218390804598,23.337471264367814,31.21977011494253,72.4296551724138,96.31735632183909,0.0339080459770115,7.098735632183908,2021
Warangal,Apr,1.1850094696969695,23.80193181818182,37.49114583333333,35.25142992424243,87.36743371212121,0.0789393939393939,9.880757575757576,2021
Warangal,Aug,7.757468841642229,24.83347690615836,32.59010263929619,67.85732221407625,96.28642778592376,0.0360337243401759,8.357294721407623,2021
Warangal,Dec,0.0,16.546153846153846,30.6151364764268,43.57196029776675,96.74317617866004,0.0163771712158808,5.838709677419355,2021
Warangal,Feb,0.2220373376623376,17.345434253246754,32.64886363636363,35.40406858766234,93.75254667207793,,,2021
Warangal,Jan,0.0011730205278592,18.570097140762464,31.85845857771261,44.09385997067449,95.90939332844576,,,2021
Warangal,Jul,13.4339534457478,24.69883614369502,31.84885447214076,71.57282807917889,95.77265395894428,0.0795729472140762,9.219400659824046,2021
Warangal,Jun,9.594128787878788,24.82433712121212,33.95126893939394,57.9509375,93.71089015151514,0.0860132575757575,10.563210227272728,2021
Warangal,Mar,0.0,20.732248900293257,35.85433467741936,30.756451612903227,88.97586143695014,,,2021
Warangal,May,0.6880923597678917,26.316084381044487,38.33354086073501,23.5473162475822,54.22393012572534,0.2216150870406189,8.718387330754354,2021
Warangal,Nov,1.5484615384615383,21.118717948717947,31.65025641025641,58.34461538461539,97.0648717948718,0.0,0.0,2021
Warangal,Oct,1.2300248138957817,22.81836228287841,33.23399503722084,56.72803970223325,97.5196029776675,0.038213399503722,6.090322580645162,2021
Warangal,Sep,10.782509469696969,24.210435606060607,31.84556818181818,74.11029356060605,98.68176136363635,0.0724810606060606,7.072149621212121,2021
Adilabad,Apr,0.3561111111111111,25.971666666666668,40.547407407407405,21.980185185185185,63.39407407407408,0.0898148148148148,6.488703703703704,2022
Adilabad,Aug,6.635125448028674,24.3831541218638,32.11021505376344,74.8758064516129,98.4078853046595,0.2362799263351749,8.5390423572744,2022
Adilabad,Feb,0.0265873015873015,11.214285714285714,36.70357142857143,13.310714285714289,100.0,0.0,64.85714285714285,2022
Adilabad,Jan,1.227777777777778,13.938888888888888,27.50663082437276,49.81487455197133,92.71881720430108,0.0480286738351254,3.894802867383513,2022
Adilabad,Jul,27.961290322580645,23.695340501792117,29.63924731182796,81.98745519713262,98.7388888888889,0.2656716417910448,5.901305970149253,2022
Adilabad,Jun,5.770740740740741,26.723888888888887,36.71648148148149,47.041296296296295,80.08888888888889,0.1057407407407407,8.535370370370371,2022
Adilabad,Mar,0.0053763440860215,20.313082437275988,37.096594982078855,21.521505376344088,67.26756272401434,0.010931899641577,5.238530465949821,2022
Adilabad,May,0.8903225806451613,28.018458781362007,40.64336917562724,26.135304659498207,62.504659498207886,0.125268817204301,8.694444444444445,2022
Adilabad,Sep,7.857222222222221,24.387222222222224,32.75222222222222,75.79425925925926,99.22851851851853,0.1647279549718574,7.962288930581613,2022
Karimnagar,Apr,0.0308333333333333,25.025,39.10270833333333,34.44916666666666,83.81416666666668,0.175,8.195625,2022
Karimnagar,Aug,5.436290322580645,24.871774193548383,32.29858870967742,68.38467741935484,95.6977822580645,0.1580645161290322,9.354637096774193,2022
Karimnagar,Feb,0.0,11.214285714285714,36.70357142857143,13.310714285714283,100.0,0.0,64.85714285714285,2022
Karimnagar,Jan,1.833266129032258,17.121975806451612,29.086290322580645,51.74556451612903,95.55967741935484,0.0078629032258064,6.55866935483871,2022
Karimnagar,Jul,22.258266129032258,23.91068548387097,30.61048387096774,74.31935483870969,97.04616935483872,0.4266129032258064,10.82298387096774,2022
Karimnagar,Jun,6.158125,26.751041666666666,37.42520833333333,42.64875,80.37791666666666,0.1083333333333333,11.9925,2022
Karimnagar,Mar,0.0,21.405645161290323,36.43165322580645,33.308669354838706,89.35020161290322,0.0518145161290322,6.750806451612903,2022
Karimnagar,May,0.5687500000000001,27.498588709677417,40.260282258064514,29.695766129032258,72.26129032258065,0.1968487394957983,10.33109243697479,2022
Karimnagar,Sep,6.964791666666667,24.027291666666667,32.39041666666667,70.43966597077244,96.80854166666668,0.056694560669456,8.288284518828453,2022
Khammam,Apr,0.0576190476190476,25.435079365079364,38.911904761904765,40.385238095238094,95.33460317460316,0.0173015873015873,8.101111111111111,2022
Khammam,Aug,6.753149001536099,24.974654377880185,33.71551459293395,66.17619047619047,97.58079877112137,0.025,9.05548387096774,2022
Khammam,Feb,0.0,11.214285714285714,36.70357142857143,13.310714285714283,100.0,0.0,64.85714285714286,2022
Khammam,Jan,0.959447004608295,18.36912442396313,31.555760368663595,51.06743471582182,97.39201228878647,0.0043010752688172,6.9523809523809526,2022
Khammam,Jul,12.461443932411674,24.68709677419355,32.24347158218126,72.17296466973886,98.12549923195084,0.1140728476821192,9.920860927152315,2022
Khammam,Jun,3.903333333333333,26.677936507936504,38.16809523809524,44.507936507936506,88.22222222222223,0.0264559068219633,11.028785357737103,2022
Khammam,Mar,0.0282642089093702,21.861136712749616,37.325960061443936,34.86374807987711,96.04347158218128,0.0248847926267281,7.044700460829493,2022
Khammam,May,0.9402457757296468,26.83563748079877,39.94439324116743,37.2963133640553,86.91848998459167,0.0961102106969205,11.534359805510537,2022
Khammam,Sep,5.199206349206349,24.627936507936507,33.58571428571429,69.69507936507937,98.8236507936508,0.0119327731092436,7.910756302521007,2022
Nizamabad,Apr,0.0214942528735632,25.02862068965517,40.23126436781609,24.40425287356322,72.41011494252874,0.0399999999999999,6.602528735632184,2022
Nizamabad,Aug,4.475083426028921,23.895216907675195,32.375417130144605,69.35494994438264,98.12369299221356,0.141917502787068,8.621850613154962,2022
Nizamabad,Feb,0.0004926108374384,11.214285714285714,36.70357142857143,13.310714285714283,100.0,0.0,64.85714285714285,2022
Nizamabad,Jan,0.6520578420467186,15.96829810901001,28.76729699666296,48.29632925472748,94.39744160177976,0.0117908787541713,6.170300333704116,2022
Nizamabad,Jul,30.978642936596216,23.2698553948832,30.110344827586207,77.07441601779755,98.61646273637376,0.2639599555061179,8.967074527252503,2022
Nizamabad,Jun,4.618735632183908,25.65448275862069,36.61344827586207,44.95114942528736,84.41632183908045,0.0342528735632183,10.265747126436782,2022
Nizamabad,Mar,0.0055617352614015,20.882869855394883,36.57363737486095,28.175862068965515,81.64593993325917,0.0065628476084538,6.166852057842047,2022
Nizamabad,May,0.9981090100111234,27.006562847608457,40.16129032258065,27.416240266963293,67.73047830923248,0.0564245810055865,9.76458100558659,2022
Nizamabad,Sep,10.043563218390805,23.094022988505746,32.55827586206897,70.06402298850574,98.75011494252874,0.0651270207852194,7.359006928406466,2022
Warangal,Apr,0.001025641025641,24.96307692307692,37.94897435897436,37.30641025641026,92.07923076923078,0.0787179487179487,8.733076923076924,2022
Warangal,Aug,6.66848635235732,24.33771712158809,32.430521091811414,66.79677419354839,98.3468982630273,0.1716791979949874,8.541854636591479,2022
Warangal,Feb,0.0,11.214285714285714,36.70357142857143,13.310714285714289,100.0,0.0,64.85714285714285,2022
Warangal,Jan,4.096029776674938,16.807692307692307,29.23995037220844,51.44193548387096,96.62630272952852,0.0377171215880893,6.56029776674938,2022
Warangal,Jul,16.371960297766748,24.000496277915637,30.653101736972708,74.67791563275435,98.82332506203474,0.2336658354114713,8.25561097256858,2022
Warangal,Jun,6.635128205128205,26.3025641025641,36.94794871794872,44.36358974358974,83.69435897435898,0.033076923076923,9.724871794871794,2022
Warangal,Mar,0.001985111662531,21.4,35.88287841191067,34.119354838709675,94.12952853598014,0.0265508684863523,7.452605459057072,2022
Warangal,May,0.3126550868486352,26.953598014888332,39.71290322580645,31.254838709677426,79.15583126550868,0.1062034739454094,9.795285359801488,2022
Warangal,Sep,6.72897435897436,23.813846153846157,32.36205128205128,69.41871794871794,99.33153846153849,0.062051282051282,8.053589743589743,2022
